{"cameraMode":{"drawMode":0,"name":"Shaded","section":"Shading Mode"},"sceneLighting":false,"audioPlay":false,"sceneViewState":{"m_AlwaysRefresh":false,"showFog":true,"showSkybox":false,"showFlares":true,"showImageEffects":true,"showParticleSystems":true,"showVisualEffectGraphs":true,"m_FxEnabled":true},"in2DMode":false,"pivot":{"x":13.900003433227539,"y":-0.49999916553497317,"z":2.600004196166992},"rotation":{"x":0.4009179174900055,"y":0.04778960719704628,"z":-0.020931357517838479,"w":0.914641797542572},"size":14.14991569519043,"orthographic":false}