{"cameraMode":{"drawMode":0,"name":"Shaded","section":"Shading Mode"},"sceneLighting":false,"audioPlay":false,"sceneViewState":{"m_AlwaysRefresh":false,"showFog":true,"showSkybox":false,"showFlares":true,"showImageEffects":true,"showParticleSystems":true,"showVisualEffectGraphs":true,"m_FxEnabled":true},"in2DMode":false,"pivot":{"x":-3.2585487365722658,"y":10.431724548339844,"z":1.5882048606872559},"rotation":{"x":0.34948015213012698,"y":-0.6005731821060181,"z":0.3279452323913574,"w":0.6400404572486877},"size":41.484046936035159,"orthographic":false}