{"cameraMode":{"drawMode":0,"name":"Shaded","section":"Shading Mode"},"sceneLighting":false,"audioPlay":false,"sceneViewState":{"m_AlwaysRefresh":false,"showFog":true,"showSkybox":false,"showFlares":true,"showImageEffects":true,"showParticleSystems":true,"showVisualEffectGraphs":true,"m_FxEnabled":true},"in2DMode":false,"pivot":{"x":38.43606185913086,"y":11.645252227783204,"z":-17.407726287841798},"rotation":{"x":0.13741496205329896,"y":0.8621171116828919,"z":-0.3598298132419586,"w":0.32923272252082827},"size":14.309752464294434,"orthographic":false}