{"cameraMode":{"drawMode":0,"name":"Shaded","section":"Shading Mode"},"sceneLighting":false,"audioPlay":false,"sceneViewState":{"m_AlwaysRefresh":false,"showFog":true,"showSkybox":false,"showFlares":true,"showImageEffects":true,"showParticleSystems":true,"showVisualEffectGraphs":true,"m_FxEnabled":true},"in2DMode":false,"pivot":{"x":-0.07836908102035523,"y":4.570853233337402,"z":-0.6683335304260254},"rotation":{"x":0.46924036741256716,"y":-0.02940594218671322,"z":0.01566031016409397,"w":0.8824806213378906},"size":3.9155490398406984,"orthographic":false}