{"cameraMode":{"drawMode":0,"name":"Shaded","section":"Shading Mode"},"sceneLighting":true,"audioPlay":false,"sceneViewState":{"m_AlwaysRefresh":false,"showFog":true,"showSkybox":true,"showFlares":true,"showImageEffects":true,"showParticleSystems":true,"showVisualEffectGraphs":true,"m_FxEnabled":true},"in2DMode":false,"pivot":{"x":12.221303939819336,"y":171.3200225830078,"z":-188.17247009277345},"rotation":{"x":-0.3366069495677948,"y":-0.13633480668067933,"z":0.04927867650985718,"w":-0.9304679036140442},"size":2.6161580085754396,"orthographic":false}