{"cameraMode":{"drawMode":0,"name":"Shaded","section":"Shading Mode"},"sceneLighting":true,"audioPlay":false,"sceneViewState":{"m_AlwaysRefresh":false,"showFog":true,"showSkybox":true,"showFlares":true,"showImageEffects":true,"showParticleSystems":true,"showVisualEffectGraphs":true,"m_FxEnabled":true},"in2DMode":false,"pivot":{"x":0.7511112689971924,"y":-0.20526123046875,"z":-0.017864227294921876},"rotation":{"x":0.2134537249803543,"y":0.14388063549995423,"z":-0.03176889568567276,"w":0.9658171534538269},"size":14.78654956817627,"orthographic":false}