{"cameraMode":{"drawMode":0,"name":"Shaded","section":"Shading Mode"},"sceneLighting":false,"audioPlay":false,"sceneViewState":{"m_AlwaysRefresh":false,"showFog":true,"showSkybox":false,"showFlares":true,"showImageEffects":true,"showParticleSystems":true,"showVisualEffectGraphs":true,"m_FxEnabled":true},"in2DMode":false,"pivot":{"x":4.312661647796631,"y":15.164134979248047,"z":26.81612205505371},"rotation":{"x":-0.09618546813726425,"y":0.8996137380599976,"z":-0.25188493728637698,"w":-0.34356167912483218},"size":11.423534393310547,"orthographic":true}