{"cameraMode":{"drawMode":0,"name":"Shaded","section":"Shading Mode"},"sceneLighting":false,"audioPlay":false,"sceneViewState":{"m_AlwaysRefresh":false,"showFog":true,"showSkybox":false,"showFlares":true,"showImageEffects":true,"showParticleSystems":true,"showVisualEffectGraphs":true,"m_FxEnabled":true},"in2DMode":false,"pivot":{"x":17.58404541015625,"y":-0.030620574951171876,"z":-0.844870388507843},"rotation":{"x":0.24817976355552674,"y":-0.6499167680740356,"z":0.23797661066055299,"w":0.6777995824813843},"size":10.143117904663086,"orthographic":false}