{"cameraMode":{"drawMode":0,"name":"Shaded","section":"Shading Mode"},"sceneLighting":false,"audioPlay":false,"sceneViewState":{"m_AlwaysRefresh":false,"showFog":true,"showSkybox":false,"showFlares":true,"showImageEffects":true,"showParticleSystems":true,"showVisualEffectGraphs":true,"m_FxEnabled":true},"in2DMode":false,"pivot":{"x":-13.67848014831543,"y":7.974752426147461,"z":1.8045977354049683},"rotation":{"x":0.061918966472148898,"y":0.6418251395225525,"z":-0.052083663642406467,"w":0.7626149654388428},"size":12.074882507324219,"orthographic":true}